id,uid
163,0
164,1
169,2
192,3
799,4
800,5
804,6
883,7
885,8
956,9
1099,10
1240,11
1460,12
1510,13
1514,14
1574,15
1575,16
1576,17
1577,18
1578,19
1580,20
1582,21
1583,22
1584,23
1585,24
1586,25
1587,26
1588,27
1589,28
1590,29
1591,30
1593,31
1595,32
1596,33
1599,34
1602,35
1603,36
1605,37
1606,38
1608,39
1683,40
1684,41
1686,42
1689,43
1690,44
1691,45
1695,46
1696,47
1699,48
1700,49
1703,50
1704,51
1705,52
1707,53
2080,54
2081,55
2084,56
2089,57
2091,58
2357,59
2497,60
2735,61
2736,62
2737,63
2814,64
2899,65
3243,66
3275,67
3352,68
3463,69
3466,70
3467,71
3470,72
3500,73
3505,74
3531,75
3561,76
3601,77
3628,78
3633,79
3634,80
3635,81
3636,82
3732,83
3789,84
3790,85
3792,86
4089,87
4126,88
4141,89
4354,90
4428,91
4429,92
4430,93
4436,94
4438,95
4439,96
4556,97
4560,98
4852,99
4854,100
4855,101
4856,102
4857,103
4859,104
4860,105
4861,106
4862,107
4874,108
4924,109
5029,110
5030,111
5034,112
5127,113
5133,114
5232,115
6121,116
6169,117
6671,118
6673,119
6675,120
6741,121
7166,122
7217,123
7356,124
7362,125
7671,126
7810,127
7854,128
7856,129
8081,130
8082,131
8218,132
8582,133
8753,134
8809,135
9086,136
9215,137
9216,138
9217,139
9224,140
9232,141
9598,142
9832,143
9834,144
10355,145
10356,146
10457,147
10895,148
10947,149
11234,150
11236,151
11296,152
11728,153
11784,154
11785,155
11787,156
11823,157
12186,158
12862,159
13349,160
13453,161
13505,162
13508,163
13890,164
13891,165
13892,166
13893,167
13898,168
13899,169
13903,170
13906,171
13907,172
13908,173
13914,174
13915,175
13916,176
13917,177
13918,178
13919,179
13920,180
13924,181
13926,182
14723,183
14894,184
15041,185
