id,iid
38,0
65,1
66,2
67,3
69,4
74,5
77,6
92,7
96,8
97,9
98,10
99,11
100,12
106,13
107,14
110,15
112,16
115,17
116,18
118,19
119,20
121,21
126,22
128,23
131,24
132,25
134,26
141,27
142,28
146,29
149,30
150,31
154,32
157,33
158,34
161,35
162,36
165,37
167,38
172,39
178,40
183,41
184,42
188,43
189,44
190,45
199,46
201,47
205,48
209,49
213,50
238,51
240,52
245,53
247,54
250,55
259,56
265,57
288,58
305,59
311,60
314,61
315,62
325,63
336,64
339,65
349,66
351,67
352,68
353,69
359,70
365,71
367,72
370,73
372,74
374,75
376,76
379,77
380,78
381,79
383,80
384,81
385,82
389,83
397,84
403,85
409,86
412,87
418,88
420,89
421,90
423,91
424,92
425,93
430,94
431,95
434,96
435,97
438,98
439,99
440,100
443,101
445,102
446,103
450,104
451,105
454,106
455,107
456,108
457,109
458,110
464,111
467,112
469,113
471,114
473,115
479,116
481,117
482,118
484,119
485,120
486,121
487,122
488,123
489,124
490,125
491,126
493,127
495,128
498,129
499,130
501,131
502,132
503,133
505,134
506,135
513,136
515,137
517,138
518,139
519,140
521,141
522,142
525,143
529,144
531,145
537,146
538,147
539,148
540,149
541,150
546,151
547,152
552,153
558,154
560,155
563,156
565,157
567,158
568,159
571,160
576,161
577,162
582,163
587,164
589,165
600,166
601,167
603,168
604,169
605,170
609,171
615,172
616,173
618,174
619,175
620,176
622,177
626,178
628,179
631,180
633,181
635,182
636,183
640,184
641,185
643,186
644,187
648,188
649,189
652,190
654,191
659,192
666,193
667,194
670,195
671,196
675,197
676,198
677,199
680,200
682,201
687,202
690,203
691,204
692,205
693,206
696,207
700,208
704,209
705,210
712,211
717,212
720,213
726,214
727,215
738,216
745,217
747,218
751,219
753,220
756,221
757,222
759,223
760,224
761,225
762,226
764,227
766,228
767,229
770,230
771,231
772,232
775,233
776,234
778,235
779,236
780,237
782,238
785,239
788,240
790,241
791,242
792,243
794,244
795,245
796,246
797,247
798,248
805,249
807,250
808,251
811,252
812,253
813,254
814,255
818,256
819,257
822,258
823,259
826,260
827,261
828,262
830,263
844,264
848,265
852,266
854,267
855,268
856,269
857,270
859,271
861,272
862,273
863,274
865,275
867,276
868,277
873,278
874,279
875,280
878,281
879,282
880,283
881,284
882,285
884,286
888,287
889,288
898,289
899,290
900,291
902,292
903,293
904,294
907,295
909,296
910,297
911,298
915,299
930,300
931,301
943,302
946,303
950,304
953,305
955,306
958,307
959,308
960,309
962,310
964,311
965,312
966,313
967,314
968,315
969,316
970,317
971,318
974,319
975,320
976,321
977,322
983,323
984,324
985,325
986,326
989,327
994,328
996,329
999,330
1002,331
1005,332
1007,333
1009,334
1010,335
1012,336
1015,337
1018,338
1026,339
1027,340
1036,341
1037,342
1042,343
1043,344
1048,345
1050,346
1051,347
1053,348
1054,349
1055,350
1057,351
1061,352
1062,353
1066,354
1068,355
1071,356
1073,357
1074,358
1077,359
1079,360
1080,361
1081,362
1082,363
1084,364
1085,365
1086,366
1087,367
1091,368
1095,369
1097,370
1098,371
1100,372
1101,373
1103,374
1106,375
1108,376
1109,377
1110,378
1116,379
1117,380
1118,381
1119,382
1123,383
1125,384
1127,385
1128,386
1129,387
1132,388
1134,389
1135,390
1136,391
1138,392
1139,393
1140,394
1143,395
1144,396
1146,397
1148,398
1151,399
1154,400
1155,401
1156,402
1162,403
1168,404
1170,405
1173,406
1175,407
1177,408
1179,409
1184,410
1185,411
1191,412
1194,413
1196,414
1200,415
1201,416
1205,417
1210,418
1220,419
1222,420
1223,421
1225,422
1227,423
1229,424
1230,425
1232,426
1234,427
1235,428
1236,429
1239,430
1242,431
1243,432
1244,433
1246,434
1247,435
1248,436
1250,437
1251,438
1252,439
1256,440
1259,441
1261,442
1263,443
1266,444
1267,445
1270,446
1271,447
1272,448
1273,449
1274,450
1275,451
1278,452
1280,453
1281,454
1282,455
1283,456
1284,457
1287,458
1289,459
1293,460
1296,461
1297,462
1299,463
1301,464
1303,465
1304,466
1305,467
1308,468
1309,469
1311,470
1312,471
1313,472
1314,473
1315,474
1317,475
1318,476
1319,477
1335,478
1336,479
1337,480
1349,481
1350,482
1351,483
1353,484
1355,485
1356,486
1357,487
1358,488
1363,489
1364,490
1365,491
1381,492
1383,493
1384,494
1385,495
1387,496
1391,497
1392,498
1395,499
1396,500
1399,501
1401,502
1402,503
1405,504
1407,505
1408,506
1411,507
1412,508
1414,509
1415,510
1416,511
1418,512
1419,513
1423,514
1424,515
1426,516
1430,517
1436,518
1439,519
1440,520
1441,521
1442,522
1443,523
1445,524
1446,525
1447,526
1448,527
1449,528
1452,529
1453,530
1457,531
1458,532
1459,533
1464,534
1470,535
1472,536
1473,537
1474,538
1475,539
1476,540
1477,541
1479,542
1481,543
1483,544
1485,545
1486,546
1491,547
1492,548
1494,549
1495,550
1496,551
1497,552
1498,553
1499,554
1501,555
1502,556
1503,557
1512,558
1513,559
1515,560
1516,561
1519,562
1525,563
1527,564
1528,565
1534,566
1539,567
1543,568
1550,569
1554,570
1555,571
1556,572
1562,573
1566,574
1571,575
1572,576
1573,577
1611,578
1612,579
1614,580
1616,581
1617,582
1626,583
1630,584
1631,585
1633,586
1634,587
1638,588
1640,589
1641,590
1643,591
1644,592
1648,593
1650,594
1651,595
1652,596
1654,597
1658,598
1659,599
1660,600
1663,601
1666,602
1668,603
1669,604
1670,605
1671,606
1672,607
1674,608
1675,609
1676,610
1678,611
1679,612
1681,613
1706,614
1708,615
1709,616
1710,617
1711,618
1712,619
1715,620
1717,621
1718,622
1719,623
1725,624
1728,625
1732,626
1734,627
1735,628
1736,629
1737,630
1740,631
1745,632
1746,633
1747,634
1749,635
1751,636
1753,637
1754,638
1756,639
1758,640
1760,641
1761,642
1763,643
1765,644
1769,645
1770,646
1774,647
1777,648
1780,649
1784,650
1786,651
1788,652
1789,653
1790,654
1793,655
1796,656
1800,657
1801,658
1804,659
1808,660
1810,661
1812,662
1813,663
1814,664
1816,665
1818,666
1819,667
1820,668
1821,669
1825,670
1826,671
1828,672
1829,673
1833,674
1835,675
1838,676
1839,677
1840,678
1843,679
1844,680
1847,681
1848,682
1851,683
1852,684
1853,685
1854,686
1856,687
1857,688
1858,689
1859,690
1860,691
1861,692
1863,693
1866,694
1867,695
1868,696
1870,697
1871,698
1873,699
1874,700
1877,701
1879,702
1880,703
1881,704
1883,705
1886,706
1889,707
1891,708
1892,709
1896,710
1897,711
1899,712
1902,713
1903,714
1905,715
1906,716
1912,717
1913,718
1914,719
1915,720
1923,721
1926,722
1927,723
1928,724
1929,725
1931,726
1932,727
1933,728
1934,729
1935,730
1936,731
1939,732
1940,733
1941,734
1943,735
1944,736
1945,737
1949,738
1951,739
1952,740
1955,741
1958,742
1959,743
1960,744
1963,745
1964,746
1969,747
1973,748
1974,749
1976,750
1979,751
1980,752
1981,753
1983,754
1985,755
1986,756
1987,757
1990,758
1992,759
1993,760
1996,761
1997,762
2000,763
2003,764
2004,765
2005,766
2006,767
2007,768
2009,769
2014,770
2016,771
2017,772
2021,773
2022,774
2023,775
2027,776
2028,777
2029,778
2030,779
2033,780
2034,781
2035,782
2040,783
2042,784
2044,785
2045,786
2063,787
2067,788
2068,789
2069,790
2072,791
2073,792
2074,793
2076,794
2079,795
2092,796
2093,797
2094,798
2095,799
2096,800
2097,801
2102,802
2103,803
2108,804
2112,805
2116,806
2123,807
2126,808
2131,809
2135,810
2137,811
2140,812
2145,813
2146,814
2148,815
2150,816
2151,817
2153,818
2154,819
2155,820
2156,821
2165,822
2166,823
2168,824
2169,825
2171,826
2173,827
2174,828
2178,829
2180,830
2181,831
2182,832
2185,833
2186,834
2193,835
2196,836
2200,837
2205,838
2211,839
2214,840
2221,841
2230,842
2231,843
2235,844
2239,845
2242,846
2243,847
2252,848
2262,849
2268,850
2270,851
2271,852
2280,853
2281,854
2286,855
2290,856
2296,857
2301,858
2306,859
2307,860
2309,861
2313,862
2318,863
2321,864
2322,865
2323,866
2325,867
2326,868
2327,869
2330,870
2331,871
2336,872
2339,873
2340,874
2341,875
2342,876
2343,877
2345,878
2347,879
2348,880
2351,881
2352,882
2356,883
2361,884
2362,885
2365,886
2366,887
2367,888
2368,889
2370,890
2371,891
2372,892
2380,893
2382,894
2384,895
2388,896
2389,897
2390,898
2397,899
2399,900
2400,901
2402,902
2409,903
2411,904
2414,905
2415,906
2416,907
2417,908
2418,909
2420,910
2427,911
2428,912
2429,913
2432,914
2437,915
2439,916
2442,917
2443,918
2444,919
2445,920
2448,921
2449,922
2451,923
2452,924
2453,925
2454,926
2455,927
2458,928
2459,929
2460,930
2461,931
2463,932
2464,933
2466,934
2468,935
2472,936
2474,937
2476,938
2479,939
2480,940
2493,941
2495,942
2496,943
2498,944
2502,945
2504,946
2505,947
2506,948
2507,949
2508,950
2513,951
2514,952
2516,953
2518,954
2519,955
2520,956
2522,957
2523,958
2526,959
2527,960
2529,961
2531,962
2532,963
2537,964
2539,965
2540,966
2541,967
2546,968
2550,969
2551,970
2554,971
2556,972
2557,973
2558,974
2563,975
2564,976
2565,977
2567,978
2568,979
2569,980
2573,981
2578,982
2580,983
2581,984
2585,985
2586,986
2587,987
2588,988
2590,989
2592,990
2594,991
2595,992
2596,993
2597,994
2598,995
2599,996
2600,997
2601,998
2602,999
2603,1000
2605,1001
2606,1002
2612,1003
2617,1004
2618,1005
2619,1006
2621,1007
2622,1008
2625,1009
2626,1010
2628,1011
2632,1012
2634,1013
2635,1014
2636,1015
2638,1016
2640,1017
2642,1018
2645,1019
2646,1020
2647,1021
2648,1022
2652,1023
2654,1024
2655,1025
2656,1026
2659,1027
2660,1028
2661,1029
2662,1030
2666,1031
2667,1032
2668,1033
2670,1034
2672,1035
2673,1036
2674,1037
2675,1038
2676,1039
2678,1040
2681,1041
2682,1042
2684,1043
2686,1044
2688,1045
2691,1046
2693,1047
2694,1048
2696,1049
2697,1050
2698,1051
2699,1052
2701,1053
2702,1054
2704,1055
2708,1056
2709,1057
2712,1058
2714,1059
2715,1060
2717,1061
2719,1062
2722,1063
2723,1064
2724,1065
2727,1066
2731,1067
2732,1068
2733,1069
2734,1070
2739,1071
2741,1072
2742,1073
2743,1074
2744,1075
2748,1076
2749,1077
2750,1078
2752,1079
2753,1080
2754,1081
2756,1082
2757,1083
2758,1084
2759,1085
2760,1086
2761,1087
2763,1088
2764,1089
2765,1090
2766,1091
2768,1092
2777,1093
2783,1094
2785,1095
2787,1096
2789,1097
2790,1098
2791,1099
2794,1100
2798,1101
2802,1102
2810,1103
2812,1104
2815,1105
2817,1106
2819,1107
2820,1108
2825,1109
2826,1110
2831,1111
2834,1112
2835,1113
2840,1114
2843,1115
2844,1116
2846,1117
2849,1118
2852,1119
2855,1120
2856,1121
2859,1122
2862,1123
2864,1124
2865,1125
2866,1126
2868,1127
2872,1128
2874,1129
2875,1130
2876,1131
2877,1132
2879,1133
2881,1134
2882,1135
2883,1136
2884,1137
2885,1138
2888,1139
2890,1140
2891,1141
2892,1142
2893,1143
2896,1144
2903,1145
2904,1146
2906,1147
2907,1148
2912,1149
2914,1150
2917,1151
2919,1152
2920,1153
2921,1154
2923,1155
2926,1156
2927,1157
2928,1158
2929,1159
2930,1160
2931,1161
2933,1162
2935,1163
2936,1164
2937,1165
2938,1166
2945,1167
2946,1168
2947,1169
2948,1170
2949,1171
2953,1172
2954,1173
2955,1174
2956,1175
2966,1176
2968,1177
2976,1178
2981,1179
2982,1180
2983,1181
2986,1182
2987,1183
2988,1184
2995,1185
2996,1186
2999,1187
3006,1188
3007,1189
3009,1190
3010,1191
3012,1192
3014,1193
3016,1194
3017,1195
3018,1196
3019,1197
3024,1198
3025,1199
3026,1200
3028,1201
3030,1202
3031,1203
3033,1204
3034,1205
3036,1206
3038,1207
3040,1208
3042,1209
3043,1210
3044,1211
3046,1212
3047,1213
3049,1214
3053,1215
3055,1216
3057,1217
3058,1218
3060,1219
3062,1220
3063,1221
3066,1222
3067,1223
3069,1224
3070,1225
3074,1226
3077,1227
3082,1228
3084,1229
3086,1230
3087,1231
3090,1232
3091,1233
3092,1234
3096,1235
3099,1236
3102,1237
3103,1238
3104,1239
3107,1240
3111,1241
3112,1242
3113,1243
3114,1244
3115,1245
3116,1246
3118,1247
3119,1248
3121,1249
3129,1250
3130,1251
3131,1252
3132,1253
3133,1254
3134,1255
3135,1256
3137,1257
3142,1258
3146,1259
3148,1260
3153,1261
3154,1262
3155,1263
3157,1264
3164,1265
3165,1266
3166,1267
3167,1268
3170,1269
3171,1270
3175,1271
3177,1272
3178,1273
3180,1274
3183,1275
3187,1276
3190,1277
3192,1278
3193,1279
3201,1280
3203,1281
3204,1282
3206,1283
3207,1284
3209,1285
3219,1286
3221,1287
3223,1288
3226,1289
3227,1290
3237,1291
3238,1292
3248,1293
3250,1294
3251,1295
3253,1296
3254,1297
3258,1298
3262,1299
3265,1300
3271,1301
3272,1302
3274,1303
3281,1304
3286,1305
3289,1306
3290,1307
3295,1308
3296,1309
3305,1310
3306,1311
3307,1312
3309,1313
3312,1314
3313,1315
3314,1316
3315,1317
3316,1318
3322,1319
3323,1320
3324,1321
3325,1322
3326,1323
3327,1324
3329,1325
3331,1326
3333,1327
3335,1328
3336,1329
3337,1330
3342,1331
3344,1332
3346,1333
3347,1334
3348,1335
3349,1336
3350,1337
3354,1338
3355,1339
3361,1340
3364,1341
3365,1342
3367,1343
3368,1344
3371,1345
3372,1346
3373,1347
3376,1348
3384,1349
3385,1350
3386,1351
3388,1352
3390,1353
3391,1354
3395,1355
3401,1356
3405,1357
3407,1358
3408,1359
3409,1360
3410,1361
3411,1362
3414,1363
3416,1364
3418,1365
3421,1366
3422,1367
3428,1368
3434,1369
3435,1370
3437,1371
3438,1372
3443,1373
3446,1374
3447,1375
3455,1376
3456,1377
3457,1378
3459,1379
3460,1380
3461,1381
3471,1382
3476,1383
3477,1384
3478,1385
3479,1386
3481,1387
3485,1388
3487,1389
3488,1390
3489,1391
3490,1392
3492,1393
3493,1394
3494,1395
3495,1396
3496,1397
3498,1398
3499,1399
3501,1400
3502,1401
3503,1402
3506,1403
3510,1404
3511,1405
3512,1406
3515,1407
3517,1408
3520,1409
3522,1410
3523,1411
3525,1412
3528,1413
3530,1414
3533,1415
3537,1416
3538,1417
3539,1418
3540,1419
3542,1420
3543,1421
3550,1422
3552,1423
3553,1424
3559,1425
3560,1426
3562,1427
3563,1428
3566,1429
3567,1430
3568,1431
3571,1432
3572,1433
3573,1434
3576,1435
3577,1436
3578,1437
3584,1438
3585,1439
3591,1440
3592,1441
3597,1442
3598,1443
3601,1444
3604,1445
3607,1446
3608,1447
3610,1448
3612,1449
3614,1450
3616,1451
3618,1452
3621,1453
3625,1454
3626,1455
3639,1456
3640,1457
3641,1458
3642,1459
3645,1460
3646,1461
3651,1462
3654,1463
3655,1464
3656,1465
3662,1466
3663,1467
3666,1468
3668,1469
3670,1470
3671,1471
3673,1472
3675,1473
3676,1474
3682,1475
3683,1476
3684,1477
3685,1478
3689,1479
3691,1480
3696,1481
3697,1482
3698,1483
3708,1484
3709,1485
3710,1486
3711,1487
3713,1488
3714,1489
3715,1490
3716,1491
3723,1492
3726,1493
3728,1494
3733,1495
3735,1496
3739,1497
3740,1498
3741,1499
3743,1500
3744,1501
3746,1502
3747,1503
3749,1504
3750,1505
3751,1506
3752,1507
3754,1508
3755,1509
3756,1510
3757,1511
3762,1512
3766,1513
3767,1514
3768,1515
3775,1516
3784,1517
3785,1518
3786,1519
3787,1520
3796,1521
3797,1522
3798,1523
3802,1524
3805,1525
3807,1526
3809,1527
3810,1528
3814,1529
3818,1530
3820,1531
3821,1532
3823,1533
3827,1534
3828,1535
3829,1536
3832,1537
3833,1538
3834,1539
3835,1540
3840,1541
3846,1542
3849,1543
3850,1544
3856,1545
3859,1546
3860,1547
3861,1548
3863,1549
3872,1550
3873,1551
3877,1552
3879,1553
3880,1554
3891,1555
3893,1556
3895,1557
3896,1558
3897,1559
3898,1560
3899,1561
3900,1562
3905,1563
3907,1564
3910,1565
3912,1566
3916,1567
3920,1568
3923,1569
3924,1570
3926,1571
3930,1572
3931,1573
3932,1574
3934,1575
3937,1576
3943,1577
3945,1578
3954,1579
3957,1580
3958,1581
3963,1582
3966,1583
3968,1584
3971,1585
3972,1586
3974,1587
3976,1588
3979,1589
3984,1590
3987,1591
3988,1592
3996,1593
3997,1594
4008,1595
4011,1596
4017,1597
4019,1598
4020,1599
4021,1600
4022,1601
4035,1602
4038,1603
4045,1604
4051,1605
4052,1606
4060,1607
4061,1608
4062,1609
4066,1610
4068,1611
4070,1612
4071,1613
4075,1614
4085,1615
4087,1616
4093,1617
4094,1618
4095,1619
4097,1620
4101,1621
4102,1622
4103,1623
4104,1624
4106,1625
4108,1626
4112,1627
4113,1628
4114,1629
4115,1630
4116,1631
4118,1632
4122,1633
4125,1634
4130,1635
4132,1636
4134,1637
4150,1638
4152,1639
4153,1640
4154,1641
4159,1642
4160,1643
4164,1644
4165,1645
4168,1646
4171,1647
4173,1648
4177,1649
4178,1650
4181,1651
4182,1652
4183,1653
4187,1654
4192,1655
4193,1656
4195,1657
4197,1658
4199,1659
4200,1660
4202,1661
4205,1662
4207,1663
4214,1664
4216,1665
4221,1666
4222,1667
4224,1668
4227,1669
4238,1670
4245,1671
4248,1672
4250,1673
4251,1674
4252,1675
4253,1676
4259,1677
4260,1678
4265,1679
4266,1680
4268,1681
4270,1682
4272,1683
4274,1684
4275,1685
4277,1686
4278,1687
4280,1688
4282,1689
4285,1690
4286,1691
4292,1692
4293,1693
4296,1694
4297,1695
4300,1696
4301,1697
4304,1698
4307,1699
4308,1700
4309,1701
4311,1702
4317,1703
4319,1704
4320,1705
4321,1706
4323,1707
4324,1708
4328,1709
4329,1710
4330,1711
4331,1712
4336,1713
4337,1714
4338,1715
4339,1716
4341,1717
4343,1718
4344,1719
4345,1720
4348,1721
4351,1722
4353,1723
4357,1724
4363,1725
4365,1726
4368,1727
4371,1728
4376,1729
4378,1730
4380,1731
4396,1732
4404,1733
4407,1734
4413,1735
4420,1736
4426,1737
4427,1738
4441,1739
4443,1740
4444,1741
4445,1742
4455,1743
4457,1744
4463,1745
4469,1746
4470,1747
4472,1748
4473,1749
4474,1750
4476,1751
4477,1752
4493,1753
4494,1754
4496,1755
4500,1756
4504,1757
4505,1758
4512,1759
4513,1760
4520,1761
4522,1762
4524,1763
4539,1764
4548,1765
4550,1766
4561,1767
4567,1768
4569,1769
4571,1770
4572,1771
4576,1772
4578,1773
4579,1774
4581,1775
4583,1776
4584,1777
4588,1778
4591,1779
4596,1780
4602,1781
4607,1782
4608,1783
4609,1784
4610,1785
4615,1786
4617,1787
4618,1788
4619,1789
4623,1790
4625,1791
4626,1792
4627,1793
4628,1794
4629,1795
4634,1796
4636,1797
4639,1798
4643,1799
4647,1800
4657,1801
4658,1802
4659,1803
4661,1804
4663,1805
4665,1806
4667,1807
4669,1808
4670,1809
4675,1810
4676,1811
4677,1812
4680,1813
4681,1814
4682,1815
4683,1816
4684,1817
4687,1818
4689,1819
4695,1820
4700,1821
4701,1822
4704,1823
4706,1824
4708,1825
4710,1826
4712,1827
4716,1828
4720,1829
4725,1830
4726,1831
4728,1832
4731,1833
4732,1834
4733,1835
4736,1836
4739,1837
4740,1838
4743,1839
4744,1840
4745,1841
4748,1842
4749,1843
4759,1844
4760,1845
4763,1846
4769,1847
4770,1848
4774,1849
4776,1850
4784,1851
4785,1852
4787,1853
4790,1854
4794,1855
4797,1856
4798,1857
4800,1858
4801,1859
4802,1860
4804,1861
4805,1862
4808,1863
4811,1864
4812,1865
4814,1866
4819,1867
4823,1868
4824,1869
4826,1870
4828,1871
4832,1872
4833,1873
4835,1874
4836,1875
4838,1876
4840,1877
4841,1878
4842,1879
4844,1880
4845,1881
4846,1882
4865,1883
4866,1884
4868,1885
4869,1886
4871,1887
4873,1888
4875,1889
4879,1890
4880,1891
4882,1892
4893,1893
4894,1894
4896,1895
4897,1896
4899,1897
4900,1898
4902,1899
4908,1900
4910,1901
4912,1902
4914,1903
4916,1904
4917,1905
4925,1906
4926,1907
4929,1908
4932,1909
4936,1910
4942,1911
4944,1912
4957,1913
4958,1914
4960,1915
4961,1916
4969,1917
4971,1918
4974,1919
4975,1920
4976,1921
4978,1922
4987,1923
4992,1924
4996,1925
4998,1926
5010,1927
5014,1928
5015,1929
5016,1930
5017,1931
5019,1932
5020,1933
5022,1934
5023,1935
5024,1936
5039,1937
5040,1938
5048,1939
5056,1940
5067,1941
5071,1942
5074,1943
5075,1944
5091,1945
5102,1946
5110,1947
5118,1948
5120,1949
5123,1950
5126,1951
5131,1952
5132,1953
5134,1954
5139,1955
5148,1956
5149,1957
5151,1958
5154,1959
5160,1960
5161,1961
5162,1962
5164,1963
5167,1964
5168,1965
5169,1966
5172,1967
5173,1968
5174,1969
5176,1970
5181,1971
5182,1972
5183,1973
5184,1974
5186,1975
5187,1976
5188,1977
5189,1978
5190,1979
5192,1980
5193,1981
5196,1982
5197,1983
5200,1984
5201,1985
5204,1986
5206,1987
5207,1988
5208,1989
5210,1990
5212,1991
5214,1992
5219,1993
5222,1994
5223,1995
5224,1996
5225,1997
5228,1998
5229,1999
5230,2000
5231,2001
5233,2002
5234,2003
5235,2004
5236,2005
5238,2006
5239,2007
5243,2008
5245,2009
5246,2010
5249,2011
5250,2012
5251,2013
5256,2014
5259,2015
5260,2016
5261,2017
5263,2018
5265,2019
5268,2020
5269,2021
5270,2022
5271,2023
5272,2024
5274,2025
5281,2026
5282,2027
5283,2028
5284,2029
5291,2030
5292,2031
5293,2032
5295,2033
5297,2034
5299,2035
5301,2036
5303,2037
5308,2038
5312,2039
5313,2040
5314,2041
5316,2042
5317,2043
5318,2044
5319,2045
5320,2046
5321,2047
5323,2048
5328,2049
5330,2050
5334,2051
5336,2052
5340,2053
5343,2054
5344,2055
5346,2056
5347,2057
5349,2058
5350,2059
5354,2060
5355,2061
5365,2062
5367,2063
5370,2064
5371,2065
5373,2066
5375,2067
5377,2068
5378,2069
5379,2070
5381,2071
5384,2072
5385,2073
5388,2074
5391,2075
5395,2076
5399,2077
5402,2078
5403,2079
5407,2080
5409,2081
5410,2082
5411,2083
5412,2084
5413,2085
5414,2086
5416,2087
5417,2088
5418,2089
5420,2090
5421,2091
5425,2092
5429,2093
5431,2094
5434,2095
5436,2096
5437,2097
5439,2098
5441,2099
5442,2100
5444,2101
5448,2102
5450,2103
5452,2104
5453,2105
5454,2106
5457,2107
5459,2108
5461,2109
5463,2110
5464,2111
5465,2112
5466,2113
5468,2114
5469,2115
5470,2116
5472,2117
5473,2118
5475,2119
5480,2120
5482,2121
5483,2122
5488,2123
5489,2124
5494,2125
5497,2126
5498,2127
5499,2128
5500,2129
5501,2130
5502,2131
5504,2132
5505,2133
5507,2134
5509,2135
5510,2136
5511,2137
5512,2138
5516,2139
5517,2140
5518,2141
5519,2142
5520,2143
5524,2144
5525,2145
5528,2146
5531,2147
5533,2148
5535,2149
5537,2150
5540,2151
5541,2152
5543,2153
5545,2154
5546,2155
5549,2156
5550,2157
5552,2158
5555,2159
5556,2160
5557,2161
5558,2162
5561,2163
5563,2164
5564,2165
5566,2166
5567,2167
5570,2168
5571,2169
5572,2170
5573,2171
5574,2172
5577,2173
5582,2174
5583,2175
5584,2176
5586,2177
5587,2178
5588,2179
5589,2180
5590,2181
5593,2182
5595,2183
5597,2184
5600,2185
5603,2186
5604,2187
5607,2188
5608,2189
5609,2190
5610,2191
5611,2192
5613,2193
5614,2194
5615,2195
5616,2196
5618,2197
5619,2198
5622,2199
5623,2200
5624,2201
5626,2202
5627,2203
5628,2204
5629,2205
5631,2206
5632,2207
5634,2208
5635,2209
5636,2210
5639,2211
5641,2212
5642,2213
5643,2214
5646,2215
5647,2216
5648,2217
5652,2218
5653,2219
5654,2220
5655,2221
5656,2222
5658,2223
5659,2224
5661,2225
5663,2226
5665,2227
5666,2228
5667,2229
5670,2230
5673,2231
5675,2232
5678,2233
5684,2234
5685,2235
5687,2236
5693,2237
5695,2238
5699,2239
5700,2240
5704,2241
5705,2242
5707,2243
5712,2244
5714,2245
5720,2246
5723,2247
5724,2248
5725,2249
5726,2250
5727,2251
5730,2252
5731,2253
5733,2254
5735,2255
5736,2256
5737,2257
5738,2258
5745,2259
5747,2260
5748,2261
5752,2262
5753,2263
5757,2264
5758,2265
5759,2266
5760,2267
5761,2268
5766,2269
5767,2270
5769,2271
5773,2272
5776,2273
5777,2274
5779,2275
5784,2276
5785,2277
5786,2278
5787,2279
5788,2280
5789,2281
5790,2282
5792,2283
5795,2284
5796,2285
5798,2286
5801,2287
5809,2288
5810,2289
5811,2290
5822,2291
5823,2292
5825,2293
5835,2294
5837,2295
5838,2296
5839,2297
5840,2298
5842,2299
5843,2300
5846,2301
5852,2302
5856,2303
5863,2304
5865,2305
5866,2306
5870,2307
5871,2308
5875,2309
5880,2310
5882,2311
5886,2312
5889,2313
5892,2314
5896,2315
5897,2316
5902,2317
5905,2318
5906,2319
5907,2320
5908,2321
5910,2322
5911,2323
5914,2324
5917,2325
5920,2326
5921,2327
5924,2328
5925,2329
5926,2330
5928,2331
5930,2332
5932,2333
5933,2334
5935,2335
5936,2336
5939,2337
5941,2338
5942,2339
5946,2340
5949,2341
5951,2342
5953,2343
5959,2344
5961,2345
5964,2346
5967,2347
5968,2348
5969,2349
5971,2350
5972,2351
5973,2352
5974,2353
5975,2354
5978,2355
5983,2356
5984,2357
5987,2358
5988,2359
5989,2360
5990,2361
5992,2362
5994,2363
5995,2364
5996,2365
5997,2366
5999,2367
6000,2368
6004,2369
6006,2370
6010,2371
6015,2372
6018,2373
6019,2374
6021,2375
6022,2376
6029,2377
6032,2378
6034,2379
6038,2380
6043,2381
6045,2382
6046,2383
6047,2384
6049,2385
6057,2386
6060,2387
6061,2388
6063,2389
6064,2390
6070,2391
6071,2392
6074,2393
6076,2394
6078,2395
6080,2396
6081,2397
6083,2398
6090,2399
6091,2400
6092,2401
6095,2402
6097,2403
6103,2404
6105,2405
6108,2406
6109,2407
6113,2408
6114,2409
6116,2410
6119,2411
6124,2412
6129,2413
6130,2414
6133,2415
6134,2416
6135,2417
6138,2418
6140,2419
6141,2420
6143,2421
6146,2422
6156,2423
6161,2424
6167,2425
6171,2426
6175,2427
6177,2428
6180,2429
6184,2430
6185,2431
6186,2432
6187,2433
6189,2434
6190,2435
6192,2436
6193,2437
6194,2438
6195,2439
6199,2440
6201,2441
6202,2442
6205,2443
6207,2444
6209,2445
6210,2446
6214,2447
6218,2448
6221,2449
6226,2450
6227,2451
6229,2452
6231,2453
6234,2454
6237,2455
6241,2456
6245,2457
6246,2458
6261,2459
6262,2460
6265,2461
6267,2462
6268,2463
6269,2464
6271,2465
6273,2466
6274,2467
6276,2468
6279,2469
6285,2470
6287,2471
6288,2472
6290,2473
6293,2474
6294,2475
6297,2476
6301,2477
6307,2478
6308,2479
6314,2480
6316,2481
6319,2482
6327,2483
6332,2484
6335,2485
6338,2486
6341,2487
6342,2488
6343,2489
6346,2490
6348,2491
6350,2492
6354,2493
6358,2494
6361,2495
6363,2496
6364,2497
6365,2498
6368,2499
6369,2500
6372,2501
6376,2502
6377,2503
6382,2504
6384,2505
6385,2506
6387,2507
6390,2508
6392,2509
6393,2510
6398,2511
6405,2512
6408,2513
6410,2514
6412,2515
6414,2516
6419,2517
6421,2518
6423,2519
6426,2520
6427,2521
6431,2522
6436,2523
6439,2524
6440,2525
6442,2526
6447,2527
6452,2528
6460,2529
6462,2530
6463,2531
6465,2532
6466,2533
6467,2534
6468,2535
6469,2536
6470,2537
6471,2538
6472,2539
6476,2540
6477,2541
6482,2542
6483,2543
6486,2544
6487,2545
6491,2546
6493,2547
6494,2548
6503,2549
6506,2550
6507,2551
6508,2552
6509,2553
6510,2554
6511,2555
6512,2556
6514,2557
6516,2558
6517,2559
6521,2560
6522,2561
6523,2562
6526,2563
6527,2564
6528,2565
6530,2566
6531,2567
6534,2568
6539,2569
6542,2570
6543,2571
6544,2572
6546,2573
6548,2574
6550,2575
6551,2576
6552,2577
6553,2578
6557,2579
6558,2580
6559,2581
6561,2582
6566,2583
6567,2584
6569,2585
6572,2586
6573,2587
6576,2588
6582,2589
6584,2590
6585,2591
6593,2592
6594,2593
6595,2594
6596,2595
6598,2596
6600,2597
6602,2598
6607,2599
6608,2600
6609,2601
6610,2602
6611,2603
6613,2604
6617,2605
6619,2606
6620,2607
6622,2608
6623,2609
6624,2610
6625,2611
6630,2612
6634,2613
6637,2614
6638,2615
6639,2616
6649,2617
6650,2618
6652,2619
6655,2620
6661,2621
6663,2622
6664,2623
6666,2624
6669,2625
6670,2626
6677,2627
6678,2628
6679,2629
6680,2630
6681,2631
6682,2632
6683,2633
6684,2634
6687,2635
6689,2636
6693,2637
6695,2638
6696,2639
6697,2640
6698,2641
6701,2642
6703,2643
6704,2644
6706,2645
6709,2646
6712,2647
6716,2648
6717,2649
6720,2650
6721,2651
6726,2652
6727,2653
6728,2654
6729,2655
6732,2656
6734,2657
6737,2658
6738,2659
6739,2660
6743,2661
6744,2662
6746,2663
6747,2664
6750,2665
6759,2666
6765,2667
6773,2668
6774,2669
6780,2670
6782,2671
6786,2672
6789,2673
6791,2674
6793,2675
6794,2676
6795,2677
6796,2678
6797,2679
6798,2680
6801,2681
6805,2682
6806,2683
6813,2684
6814,2685
6815,2686
6816,2687
6820,2688
6827,2689
6829,2690
6834,2691
6836,2692
6838,2693
6843,2694
6844,2695
6846,2696
6847,2697
6848,2698
6851,2699
6853,2700
6854,2701
6855,2702
6856,2703
6857,2704
6858,2705
6860,2706
6863,2707
6864,2708
6868,2709
6873,2710
6874,2711
6876,2712
6881,2713
6884,2714
6886,2715
6887,2716
6889,2717
6890,2718
6891,2719
6892,2720
6893,2721
6894,2722
6899,2723
6904,2724
6906,2725
6910,2726
6911,2727
6917,2728
6918,2729
6924,2730
6925,2731
6926,2732
6928,2733
6929,2734
6931,2735
6934,2736
6936,2737
6937,2738
6939,2739
6941,2740
6942,2741
6947,2742
6948,2743
6949,2744
6950,2745
6951,2746
6952,2747
6954,2748
6957,2749
6958,2750
6959,2751
6961,2752
6963,2753
6967,2754
6969,2755
6973,2756
6975,2757
6977,2758
6978,2759
6982,2760
6983,2761
6984,2762
6985,2763
6991,2764
6992,2765
6994,2766
6997,2767
7001,2768
7002,2769
7014,2770
7016,2771
7017,2772
7020,2773
7021,2774
7022,2775
7023,2776
7024,2777
7025,2778
7033,2779
7034,2780
7039,2781
7041,2782
7042,2783
7045,2784
7046,2785
7052,2786
7054,2787
7055,2788
7056,2789
7062,2790
7064,2791
7066,2792
7072,2793
7073,2794
7074,2795
7076,2796
7081,2797
7084,2798
7085,2799
7096,2800
7100,2801
7104,2802
7105,2803
7107,2804
7113,2805
7114,2806
7120,2807
7124,2808
7125,2809
7126,2810
7127,2811
7129,2812
7131,2813
7132,2814
7135,2815
7139,2816
7141,2817
7142,2818
7143,2819
7144,2820
7145,2821
7146,2822
7147,2823
7151,2824
7162,2825
7164,2826
7169,2827
7170,2828
7173,2829
7174,2830
7179,2831
7182,2832
7185,2833
7186,2834
7187,2835
7188,2836
7189,2837
7190,2838
7192,2839
7196,2840
7198,2841
7200,2842
7202,2843
7205,2844
7214,2845
7218,2846
7219,2847
7220,2848
7224,2849
7233,2850
7239,2851
7241,2852
7242,2853
7243,2854
7245,2855
7247,2856
7249,2857
7252,2858
7255,2859
7256,2860
7257,2861
7261,2862
7267,2863
7268,2864
7270,2865
7272,2866
7274,2867
7281,2868
7285,2869
7290,2870
7298,2871
7299,2872
7302,2873
7303,2874
7304,2875
7305,2876
7309,2877
7316,2878
7317,2879
7318,2880
7321,2881
7326,2882
7329,2883
7330,2884
7332,2885
7333,2886
7335,2887
7336,2888
7337,2889
7338,2890
7343,2891
7345,2892
7346,2893
7349,2894
7350,2895
7352,2896
7353,2897
7357,2898
7359,2899
7363,2900
7364,2901
7365,2902
7367,2903
7372,2904
7374,2905
7375,2906
7376,2907
7377,2908
7378,2909
7381,2910
7382,2911
7384,2912
7385,2913
7389,2914
7392,2915
7393,2916
7394,2917
7396,2918
7398,2919
7399,2920
7401,2921
7402,2922
7405,2923
7413,2924
7414,2925
7417,2926
7418,2927
7419,2928
7420,2929
7421,2930
7422,2931
7423,2932
7428,2933
7432,2934
7433,2935
7434,2936
7437,2937
7440,2938
7441,2939
7444,2940
7447,2941
7449,2942
7451,2943
7455,2944
7457,2945
7458,2946
7461,2947
7462,2948
7463,2949
7466,2950
7467,2951
7468,2952
7469,2953
7470,2954
7478,2955
7480,2956
7481,2957
7483,2958
7484,2959
7489,2960
7490,2961
7497,2962
7502,2963
7504,2964
7505,2965
7507,2966
7510,2967
7515,2968
7519,2969
7520,2970
7521,2971
7523,2972
7524,2973
7525,2974
7528,2975
7529,2976
7530,2977
7533,2978
7535,2979
7536,2980
7540,2981
7550,2982
7551,2983
7553,2984
7566,2985
7567,2986
7570,2987
7575,2988
7577,2989
7579,2990
7580,2991
7583,2992
7584,2993
7585,2994
7587,2995
7590,2996
7594,2997
7596,2998
7603,2999
7605,3000
7609,3001
7610,3002
7613,3003
7615,3004
7617,3005
7620,3006
7624,3007
7630,3008
7635,3009
7637,3010
7638,3011
7643,3012
7644,3013
7647,3014
7648,3015
7649,3016
7652,3017
7655,3018
7661,3019
7662,3020
7667,3021
7668,3022
7669,3023
7670,3024
7676,3025
7677,3026
7680,3027
7681,3028
7683,3029
7690,3030
7691,3031
7694,3032
7695,3033
7699,3034
7702,3035
7710,3036
7712,3037
7713,3038
7722,3039
7725,3040
7728,3041
7730,3042
7733,3043
7736,3044
7738,3045
7747,3046
7749,3047
7751,3048
7755,3049
7759,3050
7761,3051
7762,3052
7764,3053
7765,3054
7776,3055
7778,3056
7779,3057
7781,3058
7783,3059
7785,3060
7786,3061
7787,3062
7788,3063
7789,3064
7790,3065
7792,3066
7793,3067
7796,3068
7801,3069
7802,3070
7803,3071
7805,3072
7808,3073
7813,3074
7816,3075
7817,3076
7818,3077
7819,3078
7821,3079
7822,3080
7826,3081
7828,3082
7829,3083
7835,3084
7837,3085
7838,3086
7839,3087
7840,3088
7844,3089
7852,3090
7853,3091
7858,3092
7859,3093
7861,3094
7862,3095
7863,3096
7865,3097
7866,3098
7867,3099
7869,3100
7870,3101
7871,3102
7872,3103
7875,3104
7876,3105
7885,3106
7888,3107
7889,3108
7893,3109
7898,3110
7899,3111
7901,3112
7903,3113
7904,3114
7909,3115
7911,3116
7916,3117
7918,3118
7919,3119
7920,3120
7921,3121
7923,3122
7924,3123
7927,3124
7928,3125
7929,3126
7932,3127
7933,3128
7934,3129
7935,3130
7937,3131
7938,3132
7942,3133
7943,3134
7944,3135
7945,3136
7946,3137
7948,3138
7949,3139
7950,3140
7952,3141
7954,3142
7955,3143
7957,3144
7959,3145
7962,3146
7967,3147
7968,3148
7970,3149
7975,3150
7977,3151
7983,3152
7984,3153
7993,3154
7995,3155
7996,3156
8005,3157
8009,3158
8015,3159
8019,3160
8023,3161
8025,3162
8036,3163
8042,3164
8054,3165
8058,3166
8061,3167
8063,3168
8065,3169
8066,3170
8069,3171
8073,3172
8075,3173
8076,3174
8080,3175
8083,3176
8087,3177
8091,3178
8092,3179
8094,3180
8097,3181
8100,3182
8106,3183
8107,3184
8110,3185
8111,3186
8113,3187
8114,3188
8117,3189
8118,3190
8119,3191
8120,3192
8121,3193
8124,3194
8125,3195
8126,3196
8128,3197
8130,3198
8135,3199
8137,3200
8140,3201
8141,3202
8142,3203
8143,3204
8145,3205
8146,3206
8148,3207
8150,3208
8153,3209
8154,3210
8155,3211
8156,3212
8158,3213
8159,3214
8164,3215
8166,3216
8167,3217
8168,3218
8169,3219
8170,3220
8171,3221
8172,3222
8174,3223
8177,3224
8178,3225
8181,3226
8184,3227
8185,3228
8187,3229
8188,3230
8189,3231
8190,3232
8191,3233
8192,3234
8194,3235
8196,3236
8199,3237
8201,3238
8202,3239
8204,3240
8206,3241
8208,3242
8210,3243
8219,3244
8222,3245
8223,3246
8224,3247
8225,3248
8226,3249
8230,3250
8234,3251
8238,3252
8239,3253
8240,3254
8241,3255
8242,3256
8244,3257
8247,3258
8252,3259
8258,3260
8259,3261
8262,3262
8265,3263
8272,3264
8275,3265
8282,3266
8284,3267
8287,3268
8288,3269
8289,3270
8290,3271
8291,3272
8293,3273
8294,3274
8295,3275
8298,3276
8303,3277
8304,3278
8306,3279
8313,3280
8314,3281
8321,3282
8324,3283
8328,3284
8333,3285
8339,3286
8342,3287
8344,3288
8346,3289
8348,3290
8352,3291
8360,3292
8362,3293
8365,3294
8377,3295
8382,3296
8383,3297
8386,3298
8388,3299
8390,3300
8391,3301
8393,3302
8397,3303
8399,3304
8400,3305
8402,3306
8403,3307
8407,3308
8411,3309
8412,3310
8414,3311
8415,3312
8418,3313
8419,3314
8423,3315
8430,3316
8431,3317
8434,3318
8439,3319
8440,3320
8443,3321
8444,3322
8447,3323
8448,3324
8450,3325
8454,3326
8455,3327
8456,3328
8457,3329
8459,3330
8460,3331
8462,3332
8463,3333
8465,3334
8467,3335
8470,3336
8472,3337
8474,3338
8478,3339
8480,3340
8486,3341
8487,3342
8488,3343
8489,3344
8490,3345
8493,3346
8497,3347
8498,3348
8499,3349
8501,3350
8503,3351
8509,3352
8510,3353
8519,3354
8525,3355
8529,3356
8531,3357
8533,3358
8535,3359
8536,3360
8537,3361
8538,3362
8539,3363
8540,3364
8543,3365
8553,3366
8554,3367
8555,3368
8556,3369
8563,3370
8564,3371
8566,3372
8570,3373
8572,3374
8573,3375
8576,3376
8585,3377
8588,3378
8590,3379
8593,3380
8596,3381
8601,3382
8602,3383
8605,3384
8606,3385
8610,3386
8611,3387
8613,3388
8617,3389
8618,3390
8621,3391
8627,3392
8638,3393
8645,3394
8647,3395
8649,3396
8651,3397
8653,3398
8658,3399
8660,3400
8661,3401
8666,3402
8669,3403
8670,3404
8673,3405
8675,3406
8677,3407
8678,3408
8681,3409
8685,3410
8686,3411
8690,3412
8693,3413
8694,3414
8695,3415
8697,3416
8702,3417
8705,3418
8706,3419
8707,3420
8710,3421
8711,3422
8713,3423
8715,3424
8716,3425
8719,3426
8727,3427
8729,3428
8730,3429
8732,3430
8733,3431
8736,3432
8738,3433
8740,3434
8744,3435
8745,3436
8747,3437
8750,3438
8758,3439
8761,3440
8765,3441
8766,3442
8768,3443
8770,3444
8772,3445
8773,3446
8774,3447
8775,3448
8776,3449
8781,3450
8782,3451
8783,3452
8787,3453
8788,3454
8791,3455
8792,3456
8793,3457
8798,3458
8799,3459
8800,3460
8802,3461
8803,3462
8804,3463
8806,3464
8807,3465
8822,3466
8823,3467
8824,3468
8826,3469
8829,3470
8835,3471
8842,3472
8845,3473
8846,3474
8849,3475
8851,3476
8852,3477
8858,3478
8861,3479
8862,3480
8863,3481
8867,3482
8875,3483
8877,3484
8883,3485
8885,3486
8887,3487
8890,3488
8895,3489
8896,3490
8899,3491
8901,3492
8902,3493
8905,3494
8906,3495
8912,3496
8913,3497
8915,3498
8917,3499
8924,3500
8925,3501
8926,3502
8936,3503
8937,3504
8938,3505
8939,3506
8940,3507
8942,3508
8943,3509
8948,3510
8956,3511
8957,3512
8959,3513
8966,3514
8969,3515
8971,3516
8972,3517
8974,3518
8978,3519
8982,3520
8984,3521
8987,3522
8990,3523
8991,3524
8992,3525
8993,3526
8994,3527
8995,3528
8996,3529
8997,3530
8998,3531
9005,3532
9006,3533
9007,3534
9014,3535
9017,3536
9019,3537
9020,3538
9028,3539
9040,3540
9041,3541
9045,3542
9051,3543
9054,3544
9055,3545
9058,3546
9062,3547
9063,3548
9064,3549
9065,3550
9066,3551
9068,3552
9074,3553
9076,3554
9077,3555
9078,3556
9079,3557
9080,3558
9089,3559
9091,3560
9094,3561
9095,3562
9096,3563
9101,3564
9109,3565
9110,3566
9118,3567
9119,3568
9120,3569
9124,3570
9126,3571
9130,3572
9137,3573
9147,3574
9151,3575
9154,3576
9155,3577
9157,3578
9158,3579
9159,3580
9160,3581
9161,3582
9165,3583
9166,3584
9167,3585
9169,3586
9171,3587
9172,3588
9173,3589
9175,3590
9177,3591
9178,3592
9179,3593
9180,3594
9184,3595
9192,3596
9194,3597
9197,3598
9205,3599
9207,3600
9208,3601
9212,3602
9225,3603
9235,3604
9238,3605
9242,3606
9249,3607
9254,3608
9260,3609
9261,3610
9265,3611
9266,3612
9279,3613
9282,3614
9284,3615
9287,3616
9288,3617
9289,3618
9290,3619
9295,3620
9297,3621
9305,3622
9306,3623
9310,3624
9311,3625
9313,3626
9315,3627
9318,3628
9319,3629
9324,3630
9326,3631
9328,3632
9333,3633
9334,3634
9335,3635
9336,3636
9340,3637
9341,3638
9345,3639
9346,3640
9350,3641
9351,3642
9352,3643
9354,3644
9355,3645
9356,3646
9357,3647
9360,3648
9361,3649
9366,3650
9367,3651
9369,3652
9373,3653
9376,3654
9377,3655
9378,3656
9379,3657
9381,3658
9384,3659
9385,3660
9386,3661
9387,3662
9389,3663
9390,3664
9391,3665
9394,3666
9396,3667
9398,3668
9399,3669
9401,3670
9404,3671
9408,3672
9410,3673
9414,3674
9416,3675
9421,3676
9422,3677
9423,3678
9425,3679
9426,3680
9427,3681
9429,3682
9431,3683
9432,3684
9438,3685
9439,3686
9441,3687
9442,3688
9444,3689
9446,3690
9448,3691
9453,3692
9454,3693
9455,3694
9456,3695
9458,3696
9459,3697
9460,3698
9463,3699
9465,3700
9466,3701
9468,3702
9469,3703
9475,3704
9479,3705
9480,3706
9481,3707
9484,3708
9485,3709
9486,3710
9490,3711
9497,3712
9498,3713
9503,3714
9504,3715
9506,3716
9509,3717
9511,3718
9514,3719
9519,3720
9520,3721
9522,3722
9526,3723
9529,3724
9531,3725
9533,3726
9534,3727
9535,3728
9537,3729
9538,3730
9540,3731
9542,3732
9545,3733
9547,3734
9549,3735
9552,3736
9555,3737
9557,3738
9558,3739
9561,3740
9563,3741
9564,3742
9568,3743
9574,3744
9582,3745
9585,3746
9586,3747
9587,3748
9588,3749
9592,3750
9594,3751
9595,3752
9599,3753
9604,3754
9605,3755
9606,3756
9609,3757
9611,3758
9615,3759
9616,3760
9617,3761
9619,3762
9622,3763
9623,3764
9624,3765
9626,3766
9627,3767
9628,3768
9629,3769
9633,3770
9634,3771
9636,3772
9638,3773
9639,3774
9640,3775
9641,3776
9642,3777
9644,3778
9648,3779
9649,3780
9650,3781
9651,3782
9656,3783
9657,3784
9660,3785
9661,3786
9666,3787
9674,3788
9676,3789
9678,3790
9680,3791
9681,3792
9682,3793
9683,3794
9684,3795
9686,3796
9687,3797
9690,3798
9691,3799
9692,3800
9693,3801
9694,3802
9695,3803
9697,3804
9698,3805
9700,3806
9701,3807
9702,3808
9703,3809
9704,3810
9716,3811
9717,3812
9720,3813
9721,3814
9722,3815
9725,3816
9727,3817
9729,3818
9730,3819
9731,3820
9733,3821
9738,3822
9740,3823
9743,3824
9746,3825
9748,3826
9749,3827
9750,3828
9751,3829
9752,3830
9754,3831
9757,3832
9758,3833
9759,3834
9760,3835
9762,3836
9765,3837
9771,3838
9772,3839
9780,3840
9784,3841
9785,3842
9789,3843
9791,3844
9794,3845
9797,3846
9798,3847
9799,3848
9800,3849
9802,3850
9803,3851
9810,3852
9811,3853
9812,3854
9815,3855
9818,3856
9820,3857
9821,3858
9829,3859
9830,3860
9835,3861
9839,3862
9840,3863
9844,3864
9845,3865
9846,3866
9853,3867
9860,3868
9864,3869
9868,3870
9872,3871
9873,3872
9901,3873
9904,3874
9906,3875
9908,3876
9909,3877
9913,3878
9916,3879
9941,3880
9944,3881
9946,3882
9950,3883
9952,3884
9955,3885
9956,3886
9959,3887
9962,3888
9974,3889
9983,3890
9991,3891
9997,3892
10001,3893
10002,3894
10007,3895
10011,3896
10015,3897
10019,3898
10020,3899
10021,3900
10022,3901
10027,3902
10028,3903
10032,3904
10033,3905
10034,3906
10039,3907
10043,3908
10051,3909
10058,3910
10061,3911
10064,3912
10065,3913
10068,3914
10072,3915
10074,3916
10075,3917
10079,3918
10082,3919
10083,3920
10085,3921
10086,3922
10091,3923
10094,3924
10098,3925
10099,3926
10106,3927
10110,3928
10112,3929
10115,3930
10116,3931
10118,3932
10123,3933
10124,3934
10128,3935
10140,3936
10141,3937
10143,3938
10144,3939
10156,3940
10164,3941
10166,3942
10168,3943
10171,3944
10174,3945
10176,3946
10180,3947
10183,3948
10186,3949
10187,3950
10188,3951
10189,3952
10193,3953
10197,3954
10198,3955
10199,3956
10208,3957
10218,3958
10219,3959
10225,3960
10228,3961
10231,3962
10236,3963
10243,3964
10245,3965
10249,3966
10250,3967
10251,3968
10253,3969
10255,3970
10256,3971
10258,3972
10259,3973
10263,3974
10266,3975
10268,3976
10270,3977
10273,3978
10274,3979
10279,3980
10281,3981
10287,3982
10290,3983
10291,3984
10292,3985
10293,3986
10294,3987
10295,3988
10297,3989
10298,3990
10300,3991
10301,3992
10307,3993
10310,3994
10311,3995
10313,3996
10318,3997
10319,3998
10321,3999
10326,4000
10328,4001
10329,4002
10330,4003
10331,4004
10333,4005
10335,4006
10337,4007
10338,4008
10343,4009
10345,4010
10347,4011
10359,4012
10364,4013
10365,4014
10368,4015
10370,4016
10375,4017
10379,4018
10382,4019
10383,4020
10386,4021
10401,4022
10406,4023
10407,4024
10411,4025
10425,4026
10430,4027
10434,4028
10435,4029
10439,4030
10441,4031
10442,4032
10447,4033
10460,4034
10461,4035
10463,4036
10467,4037
10470,4038
10473,4039
10477,4040
10479,4041
10480,4042
10483,4043
10484,4044
10485,4045
10487,4046
10488,4047
10496,4048
10498,4049
10499,4050
10502,4051
10506,4052
10508,4053
10511,4054
10514,4055
10515,4056
10518,4057
10519,4058
10520,4059
10521,4060
10522,4061
10525,4062
10527,4063
10530,4064
10532,4065
10533,4066
10538,4067
10539,4068
10542,4069
10545,4070
10552,4071
10554,4072
10556,4073
10557,4074
10559,4075
10562,4076
10565,4077
10566,4078
10567,4079
10568,4080
10573,4081
10577,4082
10579,4083
10580,4084
10582,4085
10584,4086
10586,4087
10587,4088
10588,4089
10590,4090
10594,4091
10596,4092
10598,4093
10601,4094
10602,4095
10604,4096
10609,4097
10610,4098
10611,4099
10619,4100
10624,4101
10627,4102
10633,4103
10636,4104
10639,4105
10641,4106
10642,4107
10643,4108
10653,4109
10654,4110
10657,4111
10661,4112
10663,4113
10664,4114
10665,4115
10667,4116
10670,4117
10673,4118
10674,4119
10676,4120
10677,4121
10679,4122
10680,4123
10682,4124
10683,4125
10684,4126
10685,4127
10687,4128
10688,4129
10690,4130
10691,4131
10693,4132
10694,4133
10697,4134
10698,4135
10699,4136
10700,4137
10701,4138
10702,4139
10703,4140
10704,4141
10705,4142
10706,4143
10707,4144
10708,4145
10709,4146
10710,4147
10712,4148
10715,4149
10716,4150
10719,4151
10720,4152
10722,4153
10723,4154
10724,4155
10727,4156
10728,4157
10730,4158
10735,4159
10736,4160
10744,4161
10745,4162
10746,4163
10748,4164
10750,4165
10752,4166
10753,4167
10756,4168
10759,4169
10760,4170
10761,4171
10763,4172
10764,4173
10766,4174
10769,4175
10772,4176
10775,4177
10776,4178
10780,4179
10786,4180
10787,4181
10788,4182
10789,4183
10792,4184
10793,4185
10795,4186
10797,4187
10798,4188
10800,4189
10802,4190
10803,4191
10807,4192
10809,4193
10810,4194
10815,4195
10816,4196
10817,4197
10818,4198
10819,4199
10821,4200
10822,4201
10824,4202
10825,4203
10826,4204
10829,4205
10832,4206
10835,4207
10837,4208
10838,4209
10839,4210
10840,4211
10841,4212
10842,4213
10843,4214
10844,4215
10845,4216
10847,4217
10850,4218
10852,4219
10853,4220
10858,4221
10859,4222
10862,4223
10863,4224
10866,4225
10882,4226
10889,4227
10893,4228
10912,4229
10915,4230
10916,4231
10917,4232
10918,4233
10920,4234
10921,4235
10926,4236
10927,4237
10928,4238
10929,4239
10933,4240
10934,4241
10938,4242
10941,4243
10945,4244
10946,4245
10951,4246
10952,4247
10953,4248
10954,4249
10957,4250
10962,4251
10971,4252
10973,4253
10974,4254
10981,4255
10984,4256
10988,4257
10993,4258
10996,4259
10997,4260
10998,4261
11002,4262
11004,4263
11006,4264
11009,4265
11013,4266
11016,4267
11017,4268
11019,4269
11020,4270
11021,4271
11024,4272
11026,4273
11027,4274
11028,4275
11029,4276
11030,4277
11034,4278
11035,4279
11036,4280
11037,4281
11044,4282
11046,4283
11049,4284
11052,4285
11055,4286
11057,4287
11060,4288
11062,4289
11066,4290
11071,4291
11072,4292
11073,4293
11074,4294
11076,4295
11077,4296
11080,4297
11082,4298
11083,4299
11084,4300
11093,4301
11094,4302
11095,4303
11098,4304
11100,4305
11101,4306
11102,4307
11107,4308
11109,4309
11111,4310
11116,4311
11117,4312
11118,4313
11123,4314
11128,4315
11130,4316
11132,4317
11140,4318
11144,4319
11145,4320
11146,4321
11152,4322
11154,4323
11157,4324
11159,4325
11161,4326
11162,4327
11168,4328
11170,4329
11172,4330
11174,4331
11176,4332
11179,4333
11180,4334
11181,4335
11183,4336
11186,4337
11187,4338
11189,4339
11206,4340
11208,4341
11209,4342
11216,4343
11218,4344
11229,4345
11238,4346
11240,4347
11242,4348
11243,4349
11246,4350
11247,4351
11249,4352
11250,4353
11252,4354
11253,4355
11254,4356
11258,4357
11260,4358
11264,4359
11271,4360
11273,4361
11281,4362
11282,4363
11285,4364
11286,4365
11287,4366
11289,4367
11290,4368
11293,4369
11294,4370
11298,4371
11299,4372
11300,4373
11304,4374
11305,4375
11308,4376
11310,4377
11312,4378
11314,4379
11315,4380
11318,4381
11328,4382
11329,4383
11335,4384
11343,4385
11347,4386
11348,4387
11352,4388
11353,4389
11354,4390
11360,4391
11364,4392
11365,4393
11380,4394
11381,4395
11382,4396
11383,4397
11391,4398
11394,4399
11395,4400
11396,4401
11398,4402
11399,4403
11400,4404
11403,4405
11404,4406
11405,4407
11406,4408
11408,4409
11409,4410
11410,4411
11411,4412
11413,4413
11414,4414
11415,4415
11416,4416
11420,4417
11421,4418
11422,4419
11423,4420
11428,4421
11430,4422
11431,4423
11434,4424
11435,4425
11436,4426
11444,4427
11448,4428
11449,4429
11451,4430
11452,4431
11454,4432
11455,4433
11459,4434
11460,4435
11472,4436
11473,4437
11477,4438
11481,4439
11482,4440
11487,4441
11489,4442
11493,4443
11496,4444
11503,4445
11506,4446
11517,4447
11522,4448
11523,4449
11524,4450
11527,4451
11528,4452
11529,4453
11532,4454
11534,4455
11537,4456
11545,4457
11546,4458
11549,4459
11550,4460
11551,4461
11552,4462
11553,4463
11554,4464
11556,4465
11557,4466
11560,4467
11561,4468
11566,4469
11568,4470
11570,4471
11574,4472
11575,4473
11585,4474
11586,4475
11587,4476
11588,4477
11590,4478
11593,4479
11595,4480
11597,4481
11601,4482
11603,4483
11610,4484
11612,4485
11622,4486
11630,4487
11632,4488
11638,4489
11640,4490
11642,4491
11643,4492
11645,4493
11648,4494
11656,4495
11665,4496
11668,4497
11670,4498
11671,4499
11672,4500
11673,4501
11674,4502
11676,4503
11682,4504
11685,4505
11686,4506
11687,4507
11689,4508
11693,4509
11694,4510
11695,4511
11696,4512
11697,4513
11701,4514
11702,4515
11703,4516
11705,4517
11706,4518
11710,4519
11711,4520
11713,4521
11716,4522
11720,4523
11721,4524
11725,4525
11727,4526
11729,4527
11732,4528
11733,4529
11734,4530
11739,4531
11740,4532
11747,4533
11751,4534
11754,4535
11759,4536
11761,4537
11763,4538
11765,4539
11766,4540
11768,4541
11770,4542
11771,4543
11772,4544
11774,4545
11776,4546
11780,4547
11791,4548
11796,4549
11799,4550
11802,4551
11803,4552
11809,4553
11811,4554
11812,4555
11813,4556
11825,4557
11827,4558
11834,4559
11837,4560
11839,4561
11842,4562
11844,4563
11847,4564
11855,4565
11856,4566
11858,4567
11859,4568
11863,4569
11864,4570
11871,4571
11873,4572
11875,4573
11876,4574
11877,4575
11878,4576
11886,4577
11887,4578
11891,4579
11893,4580
11895,4581
11899,4582
11900,4583
11901,4584
11902,4585
11903,4586
11904,4587
11905,4588
11906,4589
11914,4590
11915,4591
11917,4592
11918,4593
11922,4594
11927,4595
11928,4596
11931,4597
11936,4598
11947,4599
11949,4600
11950,4601
11953,4602
11954,4603
11955,4604
11956,4605
11958,4606
11960,4607
11962,4608
11965,4609
11966,4610
11967,4611
11970,4612
11971,4613
11975,4614
11977,4615
11980,4616
11981,4617
11982,4618
11983,4619
11984,4620
11985,4621
11986,4622
11987,4623
11988,4624
11989,4625
11990,4626
11991,4627
11992,4628
11993,4629
11994,4630
11995,4631
11997,4632
11998,4633
11999,4634
12000,4635
12001,4636
12002,4637
12003,4638
12004,4639
12011,4640
12012,4641
12015,4642
12016,4643
12017,4644
12018,4645
12019,4646
12023,4647
12024,4648
12030,4649
12034,4650
12038,4651
12042,4652
12044,4653
12046,4654
12053,4655
12054,4656
12055,4657
12059,4658
12060,4659
12062,4660
12067,4661
12072,4662
12075,4663
12078,4664
12081,4665
12083,4666
12086,4667
12088,4668
12094,4669
12096,4670
12097,4671
12106,4672
12110,4673
12112,4674
12114,4675
12121,4676
12122,4677
12125,4678
12128,4679
12129,4680
12135,4681
12138,4682
12143,4683
12145,4684
12147,4685
12150,4686
12152,4687
12156,4688
12157,4689
12159,4690
12163,4691
12165,4692
12167,4693
12169,4694
12173,4695
12174,4696
12177,4697
12178,4698
12180,4699
12181,4700
12184,4701
12188,4702
12192,4703
12193,4704
12194,4705
12195,4706
12198,4707
12199,4708
12201,4709
12206,4710
12207,4711
12212,4712
12213,4713
12219,4714
12220,4715
12222,4716
12223,4717
12225,4718
12226,4719
12227,4720
12233,4721
12237,4722
12241,4723
12243,4724
12244,4725
12247,4726
12250,4727
12251,4728
12252,4729
12253,4730
12254,4731
12257,4732
12259,4733
12262,4734
12264,4735
12272,4736
12273,4737
12274,4738
12276,4739
12278,4740
12279,4741
12281,4742
12284,4743
12286,4744
12287,4745
12290,4746
12291,4747
12292,4748
12297,4749
12298,4750
12299,4751
12301,4752
12305,4753
12311,4754
12312,4755
12313,4756
12318,4757
12319,4758
12320,4759
12322,4760
12323,4761
12324,4762
12326,4763
12328,4764
12331,4765
12334,4766
12339,4767
12342,4768
12346,4769
12350,4770
12351,4771
12352,4772
12357,4773
12360,4774
12361,4775
12362,4776
12365,4777
12370,4778
12375,4779
12376,4780
12377,4781
12379,4782
12381,4783
12383,4784
12384,4785
12387,4786
12389,4787
12390,4788
12395,4789
12396,4790
12398,4791
12399,4792
12406,4793
12407,4794
12408,4795
12412,4796
12413,4797
12414,4798
12415,4799
12416,4800
12417,4801
12418,4802
12420,4803
12427,4804
12431,4805
12434,4806
12439,4807
12441,4808
12442,4809
12447,4810
12449,4811
12453,4812
12454,4813
12457,4814
12458,4815
12459,4816
12473,4817
12475,4818
12477,4819
12478,4820
12487,4821
12491,4822
12492,4823
12499,4824
12505,4825
12508,4826
12512,4827
12516,4828
12517,4829
12518,4830
12520,4831
12521,4832
12522,4833
12523,4834
12524,4835
12526,4836
12527,4837
12528,4838
12530,4839
12535,4840
12536,4841
12538,4842
12543,4843
12545,4844
12549,4845
12551,4846
12552,4847
12554,4848
12557,4849
12559,4850
12562,4851
12563,4852
12564,4853
12571,4854
12576,4855
12578,4856
12579,4857
12585,4858
12595,4859
12596,4860
12599,4861
12602,4862
12607,4863
12610,4864
12627,4865
12630,4866
12634,4867
12636,4868
12640,4869
12641,4870
12642,4871
12644,4872
12651,4873
12652,4874
12662,4875
12663,4876
12665,4877
12668,4878
12670,4879
12676,4880
12685,4881
12686,4882
12689,4883
12690,4884
12698,4885
12700,4886
12701,4887
12702,4888
12706,4889
12707,4890
12708,4891
12709,4892
12711,4893
12713,4894
12714,4895
12719,4896
12725,4897
12729,4898
12732,4899
12733,4900
12739,4901
12741,4902
12745,4903
12750,4904
12754,4905
12756,4906
12762,4907
12766,4908
12768,4909
12771,4910
12772,4911
12774,4912
12776,4913
12781,4914
12785,4915
12791,4916
12792,4917
12793,4918
12799,4919
12800,4920
12801,4921
12802,4922
12806,4923
12809,4924
12813,4925
12814,4926
12815,4927
12816,4928
12818,4929
12819,4930
12824,4931
12827,4932
12829,4933
12831,4934
12833,4935
12836,4936
12840,4937
12850,4938
12852,4939
12854,4940
12856,4941
12857,4942
12858,4943
12859,4944
12866,4945
12867,4946
12875,4947
12879,4948
12880,4949
12881,4950
12892,4951
12894,4952
12895,4953
12896,4954
12899,4955
12901,4956
12906,4957
12907,4958
12909,4959
12915,4960
12916,4961
12929,4962
12931,4963
12934,4964
12936,4965
12938,4966
12939,4967
12940,4968
12942,4969
12946,4970
12950,4971
12951,4972
12954,4973
12955,4974
12956,4975
12957,4976
12960,4977
12961,4978
12969,4979
12971,4980
12973,4981
12976,4982
12982,4983
12986,4984
12987,4985
12988,4986
12992,4987
12996,4988
13003,4989
13004,4990
13005,4991
13006,4992
13008,4993
13016,4994
13018,4995
13019,4996
13023,4997
13026,4998
13032,4999
13035,5000
13036,5001
13037,5002
13039,5003
13044,5004
13050,5005
13052,5006
13069,5007
13082,5008
13084,5009
13086,5010
13089,5011
13090,5012
13092,5013
13095,5014
13104,5015
13105,5016
13106,5017
13108,5018
13109,5019
13117,5020
13118,5021
13125,5022
13126,5023
13127,5024
13129,5025
13135,5026
13136,5027
13137,5028
13142,5029
13148,5030
13153,5031
13158,5032
13162,5033
13163,5034
13165,5035
13170,5036
13173,5037
13176,5038
13177,5039
13180,5040
13183,5041
13184,5042
13187,5043
13188,5044
13199,5045
13204,5046
13206,5047
13209,5048
13211,5049
13212,5050
13215,5051
13216,5052
13217,5053
13221,5054
13224,5055
13225,5056
13231,5057
13234,5058
13235,5059
13236,5060
13238,5061
13239,5062
13243,5063
13247,5064
13253,5065
13259,5066
13262,5067
13273,5068
13276,5069
13277,5070
13278,5071
13279,5072
13281,5073
13284,5074
13290,5075
13292,5076
13296,5077
13298,5078
13306,5079
13307,5080
13308,5081
13313,5082
13317,5083
13319,5084
13322,5085
13330,5086
13334,5087
13337,5088
13339,5089
13345,5090
13351,5091
13354,5092
13358,5093
13361,5094
13364,5095
13365,5096
13370,5097
13373,5098
13376,5099
13381,5100
13385,5101
13389,5102
13390,5103
13393,5104
13394,5105
13406,5106
13410,5107
13412,5108
13416,5109
13417,5110
13418,5111
13419,5112
13424,5113
13425,5114
13428,5115
13429,5116
13435,5117
13436,5118
13437,5119
13438,5120
13442,5121
13446,5122
13449,5123
13450,5124
13451,5125
13452,5126
13460,5127
13464,5128
13466,5129
13467,5130
13473,5131
13474,5132
13475,5133
13476,5134
13482,5135
13484,5136
13486,5137
13487,5138
13491,5139
13494,5140
13496,5141
13497,5142
13507,5143
13511,5144
13524,5145
13541,5146
13546,5147
13547,5148
13551,5149
13558,5150
13563,5151
13582,5152
13595,5153
13598,5154
13603,5155
13607,5156
13608,5157
13609,5158
13615,5159
13616,5160
13618,5161
13621,5162
13622,5163
13623,5164
13624,5165
13626,5166
13628,5167
13630,5168
13631,5169
13633,5170
13638,5171
13644,5172
13645,5173
13651,5174
13652,5175
13657,5176
13659,5177
13663,5178
13667,5179
13669,5180
13673,5181
13675,5182
13676,5183
13677,5184
13678,5185
13679,5186
13680,5187
13681,5188
13682,5189
13683,5190
13684,5191
13685,5192
13686,5193
13687,5194
13688,5195
13689,5196
13690,5197
13691,5198
13692,5199
13693,5200
13694,5201
13695,5202
13696,5203
13697,5204
13698,5205
13699,5206
13700,5207
13701,5208
13702,5209
13704,5210
13705,5211
13706,5212
13707,5213
13708,5214
13709,5215
13710,5216
13711,5217
13712,5218
13713,5219
13714,5220
13716,5221
13717,5222
13729,5223
13731,5224
13732,5225
13733,5226
13751,5227
13752,5228
13758,5229
13759,5230
13763,5231
13765,5232
13768,5233
13769,5234
13772,5235
13774,5236
13777,5237
13780,5238
13782,5239
13786,5240
13787,5241
13795,5242
13799,5243
13801,5244
13802,5245
13804,5246
13805,5247
13812,5248
13827,5249
13829,5250
13831,5251
13837,5252
13839,5253
13841,5254
13845,5255
13848,5256
13850,5257
13859,5258
13861,5259
13866,5260
13872,5261
13875,5262
13876,5263
13879,5264
13885,5265
13888,5266
13889,5267
13909,5268
13910,5269
13911,5270
13927,5271
13928,5272
13930,5273
13931,5274
13932,5275
13933,5276
13934,5277
13935,5278
13936,5279
13938,5280
13939,5281
13940,5282
13941,5283
13942,5284
13943,5285
13945,5286
13946,5287
13947,5288
13948,5289
13949,5290
13951,5291
13953,5292
13955,5293
13956,5294
13958,5295
13959,5296
13960,5297
13962,5298
13965,5299
13966,5300
13968,5301
13974,5302
13975,5303
13977,5304
13978,5305
13979,5306
13980,5307
13981,5308
13983,5309
13987,5310
13988,5311
13989,5312
13990,5313
13994,5314
13997,5315
13999,5316
14000,5317
14001,5318
14002,5319
14003,5320
14005,5321
14009,5322
14011,5323
14012,5324
14013,5325
14016,5326
14018,5327
14019,5328
14021,5329
14022,5330
14024,5331
14026,5332
14027,5333
14030,5334
14031,5335
14032,5336
14033,5337
14034,5338
14035,5339
14039,5340
14040,5341
14041,5342
14042,5343
14043,5344
14045,5345
14047,5346
14049,5347
14051,5348
14052,5349
14054,5350
14056,5351
14057,5352
14058,5353
14059,5354
14061,5355
14063,5356
14064,5357
14065,5358
14066,5359
14067,5360
14068,5361
14069,5362
14071,5363
14072,5364
14074,5365
14076,5366
14079,5367
14080,5368
14083,5369
14085,5370
14087,5371
14089,5372
14090,5373
14091,5374
14092,5375
14093,5376
14095,5377
14097,5378
14098,5379
14100,5380
14104,5381
14105,5382
14106,5383
14109,5384
14111,5385
14113,5386
14116,5387
14119,5388
14120,5389
14121,5390
14122,5391
14125,5392
14128,5393
14132,5394
14136,5395
14139,5396
14142,5397
14146,5398
14150,5399
14152,5400
14153,5401
14154,5402
14155,5403
14156,5404
14158,5405
14164,5406
14165,5407
14166,5408
14167,5409
14170,5410
14172,5411
14173,5412
14174,5413
14178,5414
14180,5415
14181,5416
14183,5417
14185,5418
14187,5419
14189,5420
14190,5421
14191,5422
14192,5423
14193,5424
14194,5425
14195,5426
14196,5427
14197,5428
14198,5429
14199,5430
14200,5431
14203,5432
14204,5433
14205,5434
14209,5435
14213,5436
14216,5437
14218,5438
14221,5439
14223,5440
14224,5441
14225,5442
14226,5443
14229,5444
14230,5445
14231,5446
14232,5447
14234,5448
14237,5449
14238,5450
14240,5451
14242,5452
14244,5453
14246,5454
14247,5455
14248,5456
14249,5457
14253,5458
14255,5459
14256,5460
14257,5461
14258,5462
14259,5463
14263,5464
14264,5465
14266,5466
14267,5467
14270,5468
14272,5469
14273,5470
14274,5471
14276,5472
14280,5473
14282,5474
14283,5475
14285,5476
14286,5477
14287,5478
14290,5479
14292,5480
14293,5481
14294,5482
14296,5483
14299,5484
14302,5485
14303,5486
14304,5487
14305,5488
14307,5489
14308,5490
14309,5491
14311,5492
14312,5493
14313,5494
14315,5495
14316,5496
14317,5497
14318,5498
14320,5499
14322,5500
14324,5501
14325,5502
14326,5503
14327,5504
14329,5505
14330,5506
14332,5507
14333,5508
14334,5509
14337,5510
14338,5511
14341,5512
14343,5513
14345,5514
14347,5515
14348,5516
14351,5517
14354,5518
14355,5519
14356,5520
14357,5521
14360,5522
14361,5523
14365,5524
14366,5525
14368,5526
14369,5527
14370,5528
14373,5529
14374,5530
14375,5531
14376,5532
14377,5533
14381,5534
14382,5535
14386,5536
14387,5537
14388,5538
14391,5539
14392,5540
14394,5541
14395,5542
14397,5543
14399,5544
14400,5545
14403,5546
14406,5547
14408,5548
14410,5549
14411,5550
14412,5551
14414,5552
14416,5553
14422,5554
14428,5555
14429,5556
14430,5557
14433,5558
14434,5559
14438,5560
14439,5561
14440,5562
14443,5563
14445,5564
14446,5565
14452,5566
14453,5567
14454,5568
14455,5569
14456,5570
14458,5571
14460,5572
14467,5573
14469,5574
14473,5575
14479,5576
14480,5577
14481,5578
14483,5579
14484,5580
14485,5581
14493,5582
14498,5583
14504,5584
14510,5585
14511,5586
14513,5587
14514,5588
14515,5589
14516,5590
14517,5591
14519,5592
14520,5593
14521,5594
14522,5595
14524,5596
14525,5597
14529,5598
14531,5599
14537,5600
14539,5601
14541,5602
14545,5603
14546,5604
14551,5605
14552,5606
14556,5607
14558,5608
14559,5609
14563,5610
14565,5611
14566,5612
14567,5613
14568,5614
14569,5615
14571,5616
14574,5617
14576,5618
14577,5619
14579,5620
14580,5621
14583,5622
14584,5623
14585,5624
14587,5625
14588,5626
14589,5627
14592,5628
14596,5629
14598,5630
14599,5631
14601,5632
14602,5633
14604,5634
14606,5635
14607,5636
14608,5637
14609,5638
14611,5639
14612,5640
14613,5641
14614,5642
14617,5643
14618,5644
14620,5645
14621,5646
14623,5647
14627,5648
14628,5649
14629,5650
14630,5651
14631,5652
14633,5653
14636,5654
14637,5655
14638,5656
14639,5657
14640,5658
14641,5659
14642,5660
14643,5661
14645,5662
14646,5663
14647,5664
14649,5665
14650,5666
14652,5667
14654,5668
14655,5669
14656,5670
14665,5671
14666,5672
14668,5673
14672,5674
14674,5675
14675,5676
14681,5677
14689,5678
14690,5679
14691,5680
14692,5681
14694,5682
14695,5683
14696,5684
14697,5685
14704,5686
14705,5687
14706,5688
14708,5689
14709,5690
14710,5691
14713,5692
14715,5693
14716,5694
14717,5695
14719,5696
14720,5697
14721,5698
14723,5699
14724,5700
14726,5701
14734,5702
14735,5703
14739,5704
14742,5705
14743,5706
14745,5707
14746,5708
14747,5709
14748,5710
14751,5711
14756,5712
14757,5713
14759,5714
14761,5715
14766,5716
14767,5717
14769,5718
14773,5719
14776,5720
14777,5721
14779,5722
14780,5723
14782,5724
14783,5725
14787,5726
14788,5727
14793,5728
14798,5729
14799,5730
14800,5731
14801,5732
14803,5733
14804,5734
14805,5735
14806,5736
14808,5737
14809,5738
14810,5739
14812,5740
14813,5741
14814,5742
14815,5743
14817,5744
14823,5745
14826,5746
14828,5747
14832,5748
14837,5749
14845,5750
14848,5751
14851,5752
14854,5753
14855,5754
14856,5755
14857,5756
14859,5757
14864,5758
14869,5759
14870,5760
14874,5761
14875,5762
14878,5763
14879,5764
14881,5765
14886,5766
14888,5767
14890,5768
14892,5769
14897,5770
14899,5771
14900,5772
14902,5773
14906,5774
14916,5775
14918,5776
14921,5777
14922,5778
14924,5779
14926,5780
14928,5781
14929,5782
14931,5783
14934,5784
14936,5785
14938,5786
14939,5787
14942,5788
14943,5789
14944,5790
14945,5791
14946,5792
14949,5793
14950,5794
14952,5795
14953,5796
14958,5797
14963,5798
14965,5799
14966,5800
14968,5801
14970,5802
14971,5803
14972,5804
14973,5805
14974,5806
14975,5807
14979,5808
14980,5809
14981,5810
14982,5811
14984,5812
14987,5813
14991,5814
14997,5815
14998,5816
15001,5817
15006,5818
15009,5819
15016,5820
15017,5821
15018,5822
15020,5823
15021,5824
15022,5825
15025,5826
15027,5827
15028,5828
15029,5829
15032,5830
15034,5831
15035,5832
15037,5833
15038,5834
15039,5835
15040,5836
